--
-- Additional database data to import before executing Paymorrow acceptance tests.
-- Paymorrow module installation SQL is included.
-- It contains pre-configured user profiles, voucher series
-- This script also enables Paymorrow module, configures it and maps payment methods.
-- @SHOP_ID must be set with previous script, if not, 1 will be used
--

--
--  Dynamically select shop id to fit all shop editions
--

SELECT IF(@SHOP_ID IS NULL, 1, @SHOP_ID) INTO @SHOP_ID;

-- CMS snippets installation --
-- NOTE: This is an example for one bas sub-shop.
--       If You have many sub-shops, You need to add these snippets to each sub-shop.
--       If You have many languages, You also need to set it for al other languages.

REPLACE INTO `oxcontents` (`OXID`, `OXLOADID`, `OXSHOPID`, `OXSNIPPET`, `OXTYPE`, `OXACTIVE`, `OXACTIVE_1`, `OXPOSITION`, `OXTITLE`, `OXCONTENT`, `OXTITLE_1`, `OXCONTENT_1`, `OXACTIVE_2`, `OXTITLE_2`, `OXCONTENT_2`, `OXACTIVE_3`, `OXTITLE_3`, `OXCONTENT_3`, `OXCATID`, `OXFOLDER`, `OXTERMVERSION`)
VALUES
  ('oxpspm_orderemail_invoice', 'oxpspmuserorderemailinvoice', 1, 1, 0, 1, 1, '',
   'Paymorrow Keine Kontodaten Hinweistext Rechnung Email',
   'Bitte verwenden Sie ausschließlich die Kontoverbindung, die Ihnen für diesen Kauf per E-Mail mitgeteilt wurde.',
   'Paymorrow no bank account info invoice email',
   'Please only use the bank account that was given to you for this purchase by e-mail.', 1, '', '', 1, '', '',
   '30e44ab83fdee7564.23264141', 'CMSFOLDER_EMAILS', ''),
  ('oxpspm_orderemail_invoice_plain', 'oxpspmuserorderemailinvoiceplain', 1, 1, 0, 1, 1, '',
   'Paymorrow Keine Kontodaten Hinweistext Rechnung Email Plain',
   'Bitte verwenden Sie ausschließlich die Kontoverbindung, die Ihnen für diesen Kauf per E-Mail mitgeteilt wurde.',
   'Paymorrow no bank account info invoice email plain',
   'Please only use the bank account that was given to you for this purchase by e-mail.', 1, '', '', 1, '', '',
   '30e44ab83fdee7564.23264141', 'CMSFOLDER_EMAILS', ''),
  ('oxpspm_orderemail_sdd', 'oxpspmuserorderemailsdd', 1, 1, 0, 1, 1, '',
   'Paymorrow Kontodaten Hinweistext Lastschrift Email',
   'Der Rechnungsbetrag wird automatisch von Ihrem Bankkonto eingezogen. Der Zeitpunkt des Einzugs wird Ihnen vorher per E-Mail mitgeteilt.',
   'Paymorrow bank account info direct debit email',
   'The invoice amount is automatically debited from your bank account. The date of the entry will be communicated by e-mail.',
   1, '', '', 1, '', '', '30e44ab83fdee7564.23264141', 'CMSFOLDER_EMAILS', ''),
  ('oxpspm_orderemail_sdd_plain', 'oxpspmuserorderemailsddplain', 1, 1, 0, 1, 1, '',
   'Paymorrow Kontodaten Hinweistext Lastschrift Email Plain',
   'Der Rechnungsbetrag wird automatisch von Ihrem Bankkonto eingezogen. Der Zeitpunkt des Einzugs wird Ihnen vorher per E-Mail mitgeteilt.',
   'Paymorrow bank account info direct debit email plain',
   'The invoice amount is automatically debited from your bank account. The date of the entry will be communicated by e-mail.',
   1, '', '', 1, '', '', '30e44ab83fdee7564.23264141', 'CMSFOLDER_EMAILS', '');


-- ----- --
-- USERS --
-- ----- --

--
-- Dumping data for table `oxuser`
--

INSERT IGNORE INTO `oxuser` (`OXID`, `OXACTIVE`, `OXRIGHTS`, `OXSHOPID`, `OXUSERNAME`, `OXPASSWORD`, `OXPASSSALT`, `OXCUSTNR`, `OXUSTID`, `OXCOMPANY`, `OXFNAME`, `OXLNAME`, `OXSTREET`, `OXSTREETNR`, `OXADDINFO`, `OXCITY`, `OXCOUNTRYID`, `OXSTATEID`, `OXZIP`, `OXFON`, `OXFAX`, `OXSAL`, `OXBONI`, `OXCREATE`, `OXREGISTER`, `OXPRIVFON`, `OXMOBFON`, `OXBIRTHDATE`, `OXURL`, `OXUPDATEKEY`, `OXUPDATEEXP`, `OXPOINTS`, `OXTIMESTAMP`)
VALUES
  ('admin@example.com', 1, 'malladmin', @SHOP_ID, 'admin@example.com',
   '1f2938eb162de457528b4d53c91ebc6219742124bd2b28b2d77b76281e0c3eacc386f239b63be0ff479bb353deffac175e494d0a01e2f0e8d555f379ca9d2d14',
   'cf52ce79989924a140bacd2150c50954', 10, '', '', 'Admin', 'Admin', 'Bertoldstr.', '48', '', 'Freiburg im Breisgau',
   'a7c40f631fc920687.20179984', '', '79098', '+49(6545)46654', '', 'MR', 1000, '2014-09-08 09:47:23',
   '2014-09-08 09:47:23', '', '', '1977-04-11', '', '', 0, 0, '2014-09-08 08:43:49'),
  ('0affed7c43ee0b1743c12f9ea772caa9', 1, 'user', @SHOP_ID, 'valid.user@oxid-esales.com',
   '59e15bbcc4751ee3077ddd847567b3c1c0a577999c1a2a2fe0dc6c659f824bdda13827c814ca15310a3b4befb370946b15366f0da28fa6495a218136f862cbd9',
   'd7b18358dafc1260673ff8b656b717c8', 3, '', '', 'Valid', 'User', 'Bertoldstr.', '48', '', 'Freiburg im Breisgau',
   'a7c40f631fc920687.20179984', '', '79098', '+49(6545)46654', '', 'MR', 1000, '2014-09-08 09:47:23',
   '2014-09-08 09:47:23', '', '', '1977-04-11', '', '', 0, 0, '2014-09-08 08:43:49'),
  ('d5eb34c373bc2f4bff034a9e834fe16d', 1, 'user', @SHOP_ID, 'incomplete.user@oxid-esales.com',
   '842f36d020f589326de6256627d116bf589ab0a66ca36e1f6f52748f9a62d880c7f032811f793e1de11054b1d198eb127feb56f1131abe3bc1e6374989785472',
   '82c38b5bb00c5eaf6b4e87ffb2140f19', 4, '', '', 'Incomplete', 'User', 'Bertoldstraße', '48', '', 'Freiburg',
   'a7c40f631fc920687.20179984', '', '79098', '', '', 'MR', 1000, '2014-09-09 11:24:02', '2014-09-09 11:24:02', '', '',
   '0000-00-00', '', '', 0, 0, '2014-09-09 09:25:33'),
  ('1890bca2d23c74555c851454b3a8d936', 1, 'user', @SHOP_ID, 'multiaddress.user@oxid-esales.com',
   '6505db679e6d69c3c2de11c38faaa2e81ec125e60b1c6f8e6eeaf41f03da537adb8993f4bcc43cb96410d804092141ddb70f1ba92e95eab0c02e4e3f4dbfcd84',
   '492aa753d9c8d3dd2b4e09e02ac7e528', 5, '', '', 'Multiaddress', 'User', 'Bertoldstraße', '48', '', 'Freiburg',
   'a7c40f631fc920687.20179984', '', '79098', '+49654546654', '', 'MR', 1000, '2014-09-09 12:22:11',
   '2014-09-09 12:22:11', '', '', '1955-05-05', '', '', 0, 0, '2014-09-09 10:45:19');

--
-- Update admin username and password
--
-- TODO DDR
-- UPDATE `oxuser`
-- SET
--   `OXUSERNAME` = "admin@example.com",
--   `OXPASSWORD` = "1230bb09b1e60f055f7f7fd0b306b779d5cb249c73b656fe7b348a6d0fd4d4bb9eccbf8f4dbf2bb452cbd22149aec136fa98f4126949e9e7470ebae1eba1b842",
--   `OXPASSSALT` = "3ed284b549d5440c315e3f7231d8b082"
-- WHERE `OXID` = "oxdefaultadmin";


-- -------- --
-- VOUCHERS --
-- -------- --

--
-- Dumping data for table `oxvouchers`
--

INSERT IGNORE INTO `oxvouchers` (`OXDATEUSED`, `OXORDERID`, `OXUSERID`, `OXRESERVED`, `OXVOUCHERNR`, `OXVOUCHERSERIEID`, `OXDISCOUNT`, `OXID`, `OXTIMESTAMP`)
VALUES
  ('0000-00-00', '', '', 0, '10EUR', '28928c72893813743fab3fb82478e18e', NULL, '024c2d428827b247a78f7708ad144860',
   '2014-09-09 09:51:34'),
('0000-00-00', '', '', 0, '10%', 'a683a4ba78f0c5b44a1c346963e52b8f', NULL, '027e786a5f83245c1cd8dda93e99fc12', '2014-09-09 09:50:57'),
('0000-00-00', '', '', 0, '10%', 'a683a4ba78f0c5b44a1c346963e52b8f', NULL, '049c3bde0472be022366725e3b108769', '2014-09-09 09:50:57'),
('0000-00-00', '', '', 0, '10EUR', '28928c72893813743fab3fb82478e18e', NULL, '05d8fd95c176af445cf8a1f95535c936', '2014-09-09 09:51:34'),
('0000-00-00', '', '', 0, '10%', 'a683a4ba78f0c5b44a1c346963e52b8f', NULL, '05fdfedaf78aeef570114483dfb000ba', '2014-09-09 09:50:57'),
('0000-00-00', '', '', 0, '10EUR', '28928c72893813743fab3fb82478e18e', NULL, '086b28a71b83440f6ea338bb4d5866d3', '2014-09-09 09:51:34'),
('0000-00-00', '', '', 0, '10%', 'a683a4ba78f0c5b44a1c346963e52b8f', NULL, '0a6e6a0f47218055aee1a0a18f6342c8', '2014-09-09 09:50:57'),
('0000-00-00', '', '', 0, '10%', 'a683a4ba78f0c5b44a1c346963e52b8f', NULL, '0c20073f011925f402893247b9e03a53', '2014-09-09 09:50:57'),
('0000-00-00', '', '', 0, '10EUR', '28928c72893813743fab3fb82478e18e', NULL, '0f75d3f851d8fef9d41debb32e10a4c2', '2014-09-09 09:51:34'),
('0000-00-00', '', '', 0, '10%', 'a683a4ba78f0c5b44a1c346963e52b8f', NULL, '118ffe7c83b91f8753ee2c6c5dbaf4b1', '2014-09-09 09:50:58'),
('0000-00-00', '', '', 0, '10%', 'a683a4ba78f0c5b44a1c346963e52b8f', NULL, '125c23e48e639fc049fd6cd027b09ecb', '2014-09-09 09:50:57'),
('0000-00-00', '', '', 0, '10EUR', '28928c72893813743fab3fb82478e18e', NULL, '13ae3b1fbecaee74230354756f53f8d2', '2014-09-09 09:51:34'),
('0000-00-00', '', '', 0, '10%', 'a683a4ba78f0c5b44a1c346963e52b8f', NULL, '14025a16539bd7b1fb3d85b72bfa2d64', '2014-09-09 09:50:57'),
('0000-00-00', '', '', 0, '10EUR', '28928c72893813743fab3fb82478e18e', NULL, '1707ec139e73aed97433b00dadf74c46', '2014-09-09 09:51:34'),
('0000-00-00', '', '', 0, '10%', 'a683a4ba78f0c5b44a1c346963e52b8f', NULL, '186ba12d457d57da36d187a64d2e0c07', '2014-09-09 09:50:57'),
('0000-00-00', '', '', 0, '10EUR', '28928c72893813743fab3fb82478e18e', NULL, '191c34965da8f9b7b22620a0b83cefaf', '2014-09-09 09:51:34'),
('0000-00-00', '', '', 0, '10EUR', '28928c72893813743fab3fb82478e18e', NULL, '19b43abe9b9189945203ea8121c70a13', '2014-09-09 09:51:34'),
('0000-00-00', '', '', 0, '10%', 'a683a4ba78f0c5b44a1c346963e52b8f', NULL, '1aacc9ece218e8bf614c41f9e9d19784', '2014-09-09 09:50:57'),
('0000-00-00', '', '', 0, '10EUR', '28928c72893813743fab3fb82478e18e', NULL, '1c49a7dc2fa8693afa0afb31c1384a7b', '2014-09-09 09:51:34'),
('0000-00-00', '', '', 0, '10EUR', '28928c72893813743fab3fb82478e18e', NULL, '1ce8e07f3965ab495d367dbb6645b0f4', '2014-09-09 09:51:34'),
('0000-00-00', '', '', 0, '10EUR', '28928c72893813743fab3fb82478e18e', NULL, '1d54296d3b8e95d887c58119cec62d38', '2014-09-09 09:51:34'),
('0000-00-00', '', '', 0, '10EUR', '28928c72893813743fab3fb82478e18e', NULL, '1f2e5fc46d7aa9585ca37697bb126d3a', '2014-09-09 09:51:34'),
('0000-00-00', '', '', 0, '10EUR', '28928c72893813743fab3fb82478e18e', NULL, '2102afdbca6f6d96c1c17a18cfc6a1ad', '2014-09-09 09:51:34'),
('0000-00-00', '', '', 0, '10%', 'a683a4ba78f0c5b44a1c346963e52b8f', NULL, '212377a3c443352776021caf1dbda961', '2014-09-09 09:50:57'),
('0000-00-00', '', '', 0, '10EUR', '28928c72893813743fab3fb82478e18e', NULL, '2278465ae4276f5a9123f2f5f11f87e5', '2014-09-09 09:51:34'),
('0000-00-00', '', '', 0, '10%', 'a683a4ba78f0c5b44a1c346963e52b8f', NULL, '23ca26f6afd98637d32ddd54124bada0', '2014-09-09 09:50:57'),
('0000-00-00', '', '', 0, '10EUR', '28928c72893813743fab3fb82478e18e', NULL, '24289ba8af70848adc76a37468e0eda1', '2014-09-09 09:51:34'),
('0000-00-00', '', '', 0, '10EUR', '28928c72893813743fab3fb82478e18e', NULL, '242b818c8394bcc4e1113929683dacbe', '2014-09-09 09:51:34'),
('0000-00-00', '', '', 0, '10%', 'a683a4ba78f0c5b44a1c346963e52b8f', NULL, '244b9c832091407befda1f04ae39ce41', '2014-09-09 09:50:57'),
('0000-00-00', '', '', 0, '10EUR', '28928c72893813743fab3fb82478e18e', NULL, '2a038857e945e523a27833b1f43f91e1', '2014-09-09 09:51:34'),
('0000-00-00', '', '', 0, '10%', 'a683a4ba78f0c5b44a1c346963e52b8f', NULL, '2a2e43007290022297569ecc3729528e', '2014-09-09 09:50:57'),
('0000-00-00', '', '', 0, '10EUR', '28928c72893813743fab3fb82478e18e', NULL, '2aa3ddf76eb69a42ef3bed7100d566bd', '2014-09-09 09:51:34'),
('0000-00-00', '', '', 0, '10EUR', '28928c72893813743fab3fb82478e18e', NULL, '2f9c5dc9f4d5214056e4d89882841aea', '2014-09-09 09:51:34'),
('0000-00-00', '', '', 0, '10EUR', '28928c72893813743fab3fb82478e18e', NULL, '3086b70da96a98c1470da6b32d0b635c', '2014-09-09 09:51:34'),
('0000-00-00', '', '', 0, '10EUR', '28928c72893813743fab3fb82478e18e', NULL, '30f22d459de295237aea9bfb66fe8350', '2014-09-09 09:51:34'),
('0000-00-00', '', '', 0, '10EUR', '28928c72893813743fab3fb82478e18e', NULL, '312f5fcbf95b3796d38817ac4f2d90d0', '2014-09-09 09:51:34'),
('0000-00-00', '', '', 0, '10%', 'a683a4ba78f0c5b44a1c346963e52b8f', NULL, '313f11466704e9cbadbaa0f171d5761c', '2014-09-09 09:50:57'),
('0000-00-00', '', '', 0, '10EUR', '28928c72893813743fab3fb82478e18e', NULL, '330c492f9290e38e1429010e3594bb3d', '2014-09-09 09:51:34'),
('0000-00-00', '', '', 0, '10EUR', '28928c72893813743fab3fb82478e18e', NULL, '35add830686c0302672321db28c1650f', '2014-09-09 09:51:34'),
('0000-00-00', '', '', 0, '10EUR', '28928c72893813743fab3fb82478e18e', NULL, '380718de6dda3c23cad1dd821b3e8e00', '2014-09-09 09:51:34'),
('0000-00-00', '', '', 0, '10%', 'a683a4ba78f0c5b44a1c346963e52b8f', NULL, '3808e2f092841c8464624bd2a0779174', '2014-09-09 09:50:57'),
('0000-00-00', '', '', 0, '10EUR', '28928c72893813743fab3fb82478e18e', NULL, '385e07135f90cc3f118b42a94917a8b6', '2014-09-09 09:51:34'),
('0000-00-00', '', '', 0, '10EUR', '28928c72893813743fab3fb82478e18e', NULL, '38d93a6ffbe4e76174b537336838bb6b', '2014-09-09 09:51:34'),
('0000-00-00', '', '', 0, '10EUR', '28928c72893813743fab3fb82478e18e', NULL, '3908a6c0f44c0781940d174bdb799203', '2014-09-09 09:51:34'),
('0000-00-00', '', '', 0, '10EUR', '28928c72893813743fab3fb82478e18e', NULL, '39602c98c36b03aa52f1c2e46d683bd8', '2014-09-09 09:51:34'),
('0000-00-00', '', '', 0, '10EUR', '28928c72893813743fab3fb82478e18e', NULL, '3bb84b6bae7106c4993e4021a7344f34', '2014-09-09 09:51:34'),
('0000-00-00', '', '', 0, '10%', 'a683a4ba78f0c5b44a1c346963e52b8f', NULL, '3ce735cce9b2fe937f95586dc22439a8', '2014-09-09 09:50:58'),
('0000-00-00', '', '', 0, '10EUR', '28928c72893813743fab3fb82478e18e', NULL, '3d9c52c1244db9e42f1170877c7b06ca', '2014-09-09 09:51:34'),
('0000-00-00', '', '', 0, '10%', 'a683a4ba78f0c5b44a1c346963e52b8f', NULL, '3effc15dfd7a3059e9dae3e7aacd299f', '2014-09-09 09:50:57'),
('0000-00-00', '', '', 0, '10EUR', '28928c72893813743fab3fb82478e18e', NULL, '3f5b0dc70c51ebc9ac48933e36de71b2', '2014-09-09 09:51:34'),
('0000-00-00', '', '', 0, '10%', 'a683a4ba78f0c5b44a1c346963e52b8f', NULL, '3f8830349b486a6850c66730acf678f7', '2014-09-09 09:50:57'),
('0000-00-00', '', '', 0, '10EUR', '28928c72893813743fab3fb82478e18e', NULL, '41cdb0320fdabba26e2cafaba5f4bce8', '2014-09-09 09:51:34'),
('0000-00-00', '', '', 0, '10EUR', '28928c72893813743fab3fb82478e18e', NULL, '42205cbbb826b27192614b914949d2e5', '2014-09-09 09:51:34'),
('0000-00-00', '', '', 0, '10%', 'a683a4ba78f0c5b44a1c346963e52b8f', NULL, '4282afe981cd0114f3041debe0f36efc', '2014-09-09 09:50:57'),
('0000-00-00', '', '', 0, '10%', 'a683a4ba78f0c5b44a1c346963e52b8f', NULL, '46d40903505c21decf9abf07e411dfbe', '2014-09-09 09:50:57'),
('0000-00-00', '', '', 0, '10%', 'a683a4ba78f0c5b44a1c346963e52b8f', NULL, '47181bbbd6ee2ab19b148a46cbcfb568', '2014-09-09 09:50:57'),
('0000-00-00', '', '', 0, '10EUR', '28928c72893813743fab3fb82478e18e', NULL, '48bdcf202be41b2b070ebb65d26633de', '2014-09-09 09:51:34'),
('0000-00-00', '', '', 0, '10%', 'a683a4ba78f0c5b44a1c346963e52b8f', NULL, '4a667c1de0a767da4da824f12ab3197c', '2014-09-09 09:50:58'),
('0000-00-00', '', '', 0, '10EUR', '28928c72893813743fab3fb82478e18e', NULL, '4a7034d8d14a58d6554c1160efaf1f6a', '2014-09-09 09:51:34'),
('0000-00-00', '', '', 0, '10EUR', '28928c72893813743fab3fb82478e18e', NULL, '4b3df3857cfa868eff4b885cf65df7fd', '2014-09-09 09:51:34'),
('0000-00-00', '', '', 0, '10EUR', '28928c72893813743fab3fb82478e18e', NULL, '4b74d45f040a28e15b9066f68c57e4b3', '2014-09-09 09:51:34'),
('0000-00-00', '', '', 0, '10EUR', '28928c72893813743fab3fb82478e18e', NULL, '4c6cc3e6001770f3af04a770e55912a1', '2014-09-09 09:51:34'),
('0000-00-00', '', '', 0, '10%', 'a683a4ba78f0c5b44a1c346963e52b8f', NULL, '4ff5905a82ab292085b1cba6e251e804', '2014-09-09 09:50:58'),
('0000-00-00', '', '', 0, '10EUR', '28928c72893813743fab3fb82478e18e', NULL, '539050dd2f0cdbc49096aae384cb6bf2', '2014-09-09 09:51:34'),
('0000-00-00', '', '', 0, '10%', 'a683a4ba78f0c5b44a1c346963e52b8f', NULL, '567122f0ad88cd7442c9ddeeb8257110', '2014-09-09 09:50:57'),
('0000-00-00', '', '', 0, '10EUR', '28928c72893813743fab3fb82478e18e', NULL, '5732ddb5cd45890378d7e11e2eb630db', '2014-09-09 09:51:34'),
('0000-00-00', '', '', 0, '10EUR', '28928c72893813743fab3fb82478e18e', NULL, '57969adf96f7615b4f901806adfc892f', '2014-09-09 09:51:34'),
('0000-00-00', '', '', 0, '10EUR', '28928c72893813743fab3fb82478e18e', NULL, '5a62f67e251cf35449fc4690b5787246', '2014-09-09 09:51:34'),
('0000-00-00', '', '', 0, '10EUR', '28928c72893813743fab3fb82478e18e', NULL, '5bfa2539dc503d53a00e25285f092cfd', '2014-09-09 09:51:34'),
('0000-00-00', '', '', 0, '10EUR', '28928c72893813743fab3fb82478e18e', NULL, '5c615f85a619a79c7c122be37d2c924c', '2014-09-09 09:51:34'),
('0000-00-00', '', '', 0, '10EUR', '28928c72893813743fab3fb82478e18e', NULL, '5de049dd4916214b97885d2132a0c02c', '2014-09-09 09:51:34'),
('0000-00-00', '', '', 0, '10EUR', '28928c72893813743fab3fb82478e18e', NULL, '5f67dda079c3556888fc37611c79b4c1', '2014-09-09 09:51:34'),
('0000-00-00', '', '', 0, '10%', 'a683a4ba78f0c5b44a1c346963e52b8f', NULL, '62094f93299ef74a008dcc7458fc0618', '2014-09-09 09:50:57'),
('0000-00-00', '', '', 0, '10%', 'a683a4ba78f0c5b44a1c346963e52b8f', NULL, '62c4802c5d32e457c020c5e5c58a3ebf', '2014-09-09 09:50:57'),
('0000-00-00', '', '', 0, '10EUR', '28928c72893813743fab3fb82478e18e', NULL, '62ec067fc56740f4f9a73d63e4e599b2', '2014-09-09 09:51:34'),
('0000-00-00', '', '', 0, '10%', 'a683a4ba78f0c5b44a1c346963e52b8f', NULL, '6350eb8dd933681a518c25865f54da89', '2014-09-09 09:50:58'),
('0000-00-00', '', '', 0, '10EUR', '28928c72893813743fab3fb82478e18e', NULL, '63b8efb19c69afaf2a1a5f1bcb095b6e', '2014-09-09 09:51:34'),
('0000-00-00', '', '', 0, '10EUR', '28928c72893813743fab3fb82478e18e', NULL, '63ee3ad17026b78bb9302189aeeb0f2d', '2014-09-09 09:51:34'),
('0000-00-00', '', '', 0, '10%', 'a683a4ba78f0c5b44a1c346963e52b8f', NULL, '658be383419d9cb0b19050e155fb34f5', '2014-09-09 09:50:57'),
('0000-00-00', '', '', 0, '10EUR', '28928c72893813743fab3fb82478e18e', NULL, '670a10cff8b907b8a73cc868dbdbecf5', '2014-09-09 09:51:34'),
('0000-00-00', '', '', 0, '10%', 'a683a4ba78f0c5b44a1c346963e52b8f', NULL, '678f842503f32cb73d9e360a949e5abd', '2014-09-09 09:50:57'),
('0000-00-00', '', '', 0, '10%', 'a683a4ba78f0c5b44a1c346963e52b8f', NULL, '6b5dbf2b6f1228bfcade724d9425c1c4', '2014-09-09 09:50:57'),
('0000-00-00', '', '', 0, '10EUR', '28928c72893813743fab3fb82478e18e', NULL, '6c0c38977d7cf7a0fc3de13e8071e270', '2014-09-09 09:51:34'),
('0000-00-00', '', '', 0, '10%', 'a683a4ba78f0c5b44a1c346963e52b8f', NULL, '6ddba6181548d48c8d8a346873046ae9', '2014-09-09 09:50:57'),
('0000-00-00', '', '', 0, '10%', 'a683a4ba78f0c5b44a1c346963e52b8f', NULL, '6e3dab82fa1299dfab59970f6291041e', '2014-09-09 09:50:58'),
('0000-00-00', '', '', 0, '10%', 'a683a4ba78f0c5b44a1c346963e52b8f', NULL, '6eaead6071200cb4a7a5172789f0be33', '2014-09-09 09:50:57'),
('0000-00-00', '', '', 0, '10%', 'a683a4ba78f0c5b44a1c346963e52b8f', NULL, '70c7fcdec1781c093cd9850bc7550095', '2014-09-09 09:50:57'),
('0000-00-00', '', '', 0, '10%', 'a683a4ba78f0c5b44a1c346963e52b8f', NULL, '717e6ef3df02a6d0383a966637025137', '2014-09-09 09:50:57'),
('0000-00-00', '', '', 0, '10%', 'a683a4ba78f0c5b44a1c346963e52b8f', NULL, '72b42cc1e480fbcf40d932c4d833a5ee', '2014-09-09 09:50:57'),
('0000-00-00', '', '', 0, '10EUR', '28928c72893813743fab3fb82478e18e', NULL, '74b301dedae302b72cc63b59ec8f8504', '2014-09-09 09:51:34'),
('0000-00-00', '', '', 0, '10EUR', '28928c72893813743fab3fb82478e18e', NULL, '7631cd4b63dcbbf067b86fb1aaaab281', '2014-09-09 09:51:34'),
('0000-00-00', '', '', 0, '10EUR', '28928c72893813743fab3fb82478e18e', NULL, '78f2492a406d6c10d3fc189d38878186', '2014-09-09 09:51:34'),
('0000-00-00', '', '', 0, '10%', 'a683a4ba78f0c5b44a1c346963e52b8f', NULL, '7b0b3611dfd2cceeff70847f7d214fac', '2014-09-09 09:50:57'),
('0000-00-00', '', '', 0, '10EUR', '28928c72893813743fab3fb82478e18e', NULL, '7c032c3f3ac23d340e081ec4ba20d139', '2014-09-09 09:51:34'),
('0000-00-00', '', '', 0, '10%', 'a683a4ba78f0c5b44a1c346963e52b8f', NULL, '7c44816243d7ae5003a530050cffd6a7', '2014-09-09 09:50:57'),
('0000-00-00', '', '', 0, '10%', 'a683a4ba78f0c5b44a1c346963e52b8f', NULL, '7f629a843802118ec7830b36c98a1b5a', '2014-09-09 09:50:57'),
('0000-00-00', '', '', 0, '10EUR', '28928c72893813743fab3fb82478e18e', NULL, '7fb821162cbafc63f95a953ef5bf812b', '2014-09-09 09:51:34'),
('0000-00-00', '', '', 0, '10%', 'a683a4ba78f0c5b44a1c346963e52b8f', NULL, '802a4538b7f841eaa677ed0b353f0294', '2014-09-09 09:50:58'),
('0000-00-00', '', '', 0, '10EUR', '28928c72893813743fab3fb82478e18e', NULL, '809a0412512b2d3b1426d7ecdbfd09b1', '2014-09-09 09:51:34'),
('0000-00-00', '', '', 0, '10EUR', '28928c72893813743fab3fb82478e18e', NULL, '85b453985e1cecc7913fe7734da5ccb0', '2014-09-09 09:51:34'),
('0000-00-00', '', '', 0, '10EUR', '28928c72893813743fab3fb82478e18e', NULL, '8639d2a0b7e0fdaa3110524c863c99a9', '2014-09-09 09:51:34'),
('0000-00-00', '', '', 0, '10%', 'a683a4ba78f0c5b44a1c346963e52b8f', NULL, '86ee3064df85baa6b853c2578355300e', '2014-09-09 09:50:58'),
('0000-00-00', '', '', 0, '10EUR', '28928c72893813743fab3fb82478e18e', NULL, '88fe93b3f1bb8fa4ad08db1edee1aba8', '2014-09-09 09:51:34'),
('0000-00-00', '', '', 0, '10%', 'a683a4ba78f0c5b44a1c346963e52b8f', NULL, '8904056e65231c3070ea26059c3e12d0', '2014-09-09 09:50:57'),
('0000-00-00', '', '', 0, '10%', 'a683a4ba78f0c5b44a1c346963e52b8f', NULL, '894ca66e500b6ffc067341aa4b19f353', '2014-09-09 09:50:57'),
('0000-00-00', '', '', 0, '10EUR', '28928c72893813743fab3fb82478e18e', NULL, '8a50f290353764b9aadf7b627a95983e', '2014-09-09 09:51:34'),
('0000-00-00', '', '', 0, '10EUR', '28928c72893813743fab3fb82478e18e', NULL, '8b163dea6a13de4898924b199a2bded3', '2014-09-09 09:51:34'),
('0000-00-00', '', '', 0, '10EUR', '28928c72893813743fab3fb82478e18e', NULL, '8d3d9f73c7764cb6079975baff1270c7', '2014-09-09 09:51:34'),
('0000-00-00', '', '', 0, '10%', 'a683a4ba78f0c5b44a1c346963e52b8f', NULL, '90cf558ef93fc1a343b5bfc1a1890939', '2014-09-09 09:50:57'),
('0000-00-00', '', '', 0, '10EUR', '28928c72893813743fab3fb82478e18e', NULL, '90ff43df50a1560d1609802a960673f2', '2014-09-09 09:51:34'),
('0000-00-00', '', '', 0, '10EUR', '28928c72893813743fab3fb82478e18e', NULL, '942abed42c184bbddf24087ccf0da919', '2014-09-09 09:51:34'),
('0000-00-00', '', '', 0, '10%', 'a683a4ba78f0c5b44a1c346963e52b8f', NULL, '951f4b5110db7587ce9935e27dde6f24', '2014-09-09 09:50:57'),
('0000-00-00', '', '', 0, '10EUR', '28928c72893813743fab3fb82478e18e', NULL, '95ae6f71e95d03d5a4a362c916555bd3', '2014-09-09 09:51:34'),
('0000-00-00', '', '', 0, '10%', 'a683a4ba78f0c5b44a1c346963e52b8f', NULL, '9a453adfe1a024bc05fc01e7d13d88f1', '2014-09-09 09:50:57'),
('0000-00-00', '', '', 0, '10%', 'a683a4ba78f0c5b44a1c346963e52b8f', NULL, '9a5f1afd391f74dadb248c1c48fb2143', '2014-09-09 09:50:57'),
('0000-00-00', '', '', 0, '10EUR', '28928c72893813743fab3fb82478e18e', NULL, '9adb9ed5e529f5bf3361dbba00595df5', '2014-09-09 09:51:34'),
('0000-00-00', '', '', 0, '10%', 'a683a4ba78f0c5b44a1c346963e52b8f', NULL, '9b021f8557ca11974b038bfc0e1755ba', '2014-09-09 09:50:57'),
('0000-00-00', '', '', 0, '10%', 'a683a4ba78f0c5b44a1c346963e52b8f', NULL, '9c2627048c3b18474a69787070e4c6b9', '2014-09-09 09:50:57'),
('0000-00-00', '', '', 0, '10%', 'a683a4ba78f0c5b44a1c346963e52b8f', NULL, '9f57f7f1b376930ea5d402c4d10dec78', '2014-09-09 09:50:58'),
('0000-00-00', '', '', 0, '10%', 'a683a4ba78f0c5b44a1c346963e52b8f', NULL, '9fa6fbbb998c658fb9e1f541d350abff', '2014-09-09 09:50:58'),
('0000-00-00', '', '', 0, '10%', 'a683a4ba78f0c5b44a1c346963e52b8f', NULL, 'a12b69150107d0887a0a7590555672a9', '2014-09-09 09:50:58'),
('0000-00-00', '', '', 0, '10%', 'a683a4ba78f0c5b44a1c346963e52b8f', NULL, 'a1b33d21730f258db146432dff0720df', '2014-09-09 09:50:58'),
('0000-00-00', '', '', 0, '10%', 'a683a4ba78f0c5b44a1c346963e52b8f', NULL, 'a25113ac7ff8664d1dfccf780c445573', '2014-09-09 09:50:57'),
('0000-00-00', '', '', 0, '10EUR', '28928c72893813743fab3fb82478e18e', NULL, 'a2aea1ed3fd3df4fddc6d2bc2a00c8a3', '2014-09-09 09:51:34'),
('0000-00-00', '', '', 0, '10EUR', '28928c72893813743fab3fb82478e18e', NULL, 'a2e7188c35f0b4e7749c74e090b2a896', '2014-09-09 09:51:34'),
('0000-00-00', '', '', 0, '10%', 'a683a4ba78f0c5b44a1c346963e52b8f', NULL, 'a38d92b694fe1d0d3541e95ff2159074', '2014-09-09 09:50:58'),
('0000-00-00', '', '', 0, '10EUR', '28928c72893813743fab3fb82478e18e', NULL, 'a662b58301541556f1398ecd49b4f408', '2014-09-09 09:51:34'),
('0000-00-00', '', '', 0, '10EUR', '28928c72893813743fab3fb82478e18e', NULL, 'a7a9e3fff3f9e4edfa3de8b1adeab248', '2014-09-09 09:51:34'),
('0000-00-00', '', '', 0, '10%', 'a683a4ba78f0c5b44a1c346963e52b8f', NULL, 'a7fd78e7ac14b33834905156e2216047', '2014-09-09 09:50:57'),
('0000-00-00', '', '', 0, '10%', 'a683a4ba78f0c5b44a1c346963e52b8f', NULL, 'a8510c6b699b966fd5e16097011afd75', '2014-09-09 09:50:58'),
('0000-00-00', '', '', 0, '10%', 'a683a4ba78f0c5b44a1c346963e52b8f', NULL, 'a88ab7f0a90e2ed580ae2b8d13e2a68a', '2014-09-09 09:50:57'),
('0000-00-00', '', '', 0, '10%', 'a683a4ba78f0c5b44a1c346963e52b8f', NULL, 'a9d6004769cb6edc4903666c00053a5d', '2014-09-09 09:50:57'),
('0000-00-00', '', '', 0, '10EUR', '28928c72893813743fab3fb82478e18e', NULL, 'ab0a44fb2ecddacdab605504c8b6a2b0', '2014-09-09 09:51:34'),
('0000-00-00', '', '', 0, '10EUR', '28928c72893813743fab3fb82478e18e', NULL, 'ad4dd7c887331a707042b19ad9ff59bd', '2014-09-09 09:51:34'),
('0000-00-00', '', '', 0, '10EUR', '28928c72893813743fab3fb82478e18e', NULL, 'adc6b212c954bd954400ec505910c258', '2014-09-09 09:51:34'),
('0000-00-00', '', '', 0, '10%', 'a683a4ba78f0c5b44a1c346963e52b8f', NULL, 'ade997b232b8acd0de5b729beaf4dfac', '2014-09-09 09:50:57'),
('0000-00-00', '', '', 0, '10%', 'a683a4ba78f0c5b44a1c346963e52b8f', NULL, 'ae6e09e13b377b805cbce708fe65adf3', '2014-09-09 09:50:58'),
('0000-00-00', '', '', 0, '10%', 'a683a4ba78f0c5b44a1c346963e52b8f', NULL, 'b0f2064b8c3f5ff732769b4488d2afb9', '2014-09-09 09:50:57'),
('0000-00-00', '', '', 0, '10%', 'a683a4ba78f0c5b44a1c346963e52b8f', NULL, 'b2f4d7466d719d127b0f84cc3030ab63', '2014-09-09 09:50:57'),
('0000-00-00', '', '', 0, '10EUR', '28928c72893813743fab3fb82478e18e', NULL, 'b4deac26754d441af355cb364e7b4df6', '2014-09-09 09:51:34'),
('0000-00-00', '', '', 0, '10EUR', '28928c72893813743fab3fb82478e18e', NULL, 'b5035aec61be059a252c006e6b86611f', '2014-09-09 09:51:34'),
('0000-00-00', '', '', 0, '10EUR', '28928c72893813743fab3fb82478e18e', NULL, 'b64896a1cba47a59a8e91025932bf119', '2014-09-09 09:51:34'),
('0000-00-00', '', '', 0, '10EUR', '28928c72893813743fab3fb82478e18e', NULL, 'b69c63fd421c884e9663eebb4cc5e237', '2014-09-09 09:51:34'),
('0000-00-00', '', '', 0, '10%', 'a683a4ba78f0c5b44a1c346963e52b8f', NULL, 'ba8c6019167f7443966d233b751517c0', '2014-09-09 09:50:57'),
('0000-00-00', '', '', 0, '10EUR', '28928c72893813743fab3fb82478e18e', NULL, 'baa1ee2f2ccf134c27d1fa0029d9673f', '2014-09-09 09:51:34'),
('0000-00-00', '', '', 0, '10%', 'a683a4ba78f0c5b44a1c346963e52b8f', NULL, 'bbde1854fb85440f5f2f64eea77a69e0', '2014-09-09 09:50:57'),
('0000-00-00', '', '', 0, '10EUR', '28928c72893813743fab3fb82478e18e', NULL, 'bde3fedd73a7ffd94df842d5223518e7', '2014-09-09 09:51:34'),
('0000-00-00', '', '', 0, '10%', 'a683a4ba78f0c5b44a1c346963e52b8f', NULL, 'be4de7a959054694828162dbfa9f6bc0', '2014-09-09 09:50:58'),
('0000-00-00', '', '', 0, '10%', 'a683a4ba78f0c5b44a1c346963e52b8f', NULL, 'bfc9a7c87401799702819f3ce74a5d9a', '2014-09-09 09:50:57'),
('0000-00-00', '', '', 0, '10EUR', '28928c72893813743fab3fb82478e18e', NULL, 'c058f61a72a10111894041cb354157f9', '2014-09-09 09:51:34'),
('0000-00-00', '', '', 0, '10EUR', '28928c72893813743fab3fb82478e18e', NULL, 'c16eedb63573fb811a13cb39cb927524', '2014-09-09 09:51:34'),
('0000-00-00', '', '', 0, '10EUR', '28928c72893813743fab3fb82478e18e', NULL, 'c77c164dfaa8ed20cb5b1e1c2182c07d', '2014-09-09 09:51:34'),
('0000-00-00', '', '', 0, '10%', 'a683a4ba78f0c5b44a1c346963e52b8f', NULL, 'c94552f3e0a9f9ef1b1b59575fe550b7', '2014-09-09 09:50:57'),
('0000-00-00', '', '', 0, '10EUR', '28928c72893813743fab3fb82478e18e', NULL, 'c94fdb4486b7f586686418db94ba20d5', '2014-09-09 09:51:34'),
('0000-00-00', '', '', 0, '10%', 'a683a4ba78f0c5b44a1c346963e52b8f', NULL, 'ce69299045c051d48f67e8bf594a16d1', '2014-09-09 09:50:57'),
('0000-00-00', '', '', 0, '10EUR', '28928c72893813743fab3fb82478e18e', NULL, 'cef08f47a4e96e2cc8561fd19ef1a44a', '2014-09-09 09:51:34'),
('0000-00-00', '', '', 0, '10%', 'a683a4ba78f0c5b44a1c346963e52b8f', NULL, 'cf5bdf36e2d561b9909fd03787cef04e', '2014-09-09 09:50:57'),
('0000-00-00', '', '', 0, '10%', 'a683a4ba78f0c5b44a1c346963e52b8f', NULL, 'd035529fb1972e5dddac1eda3e10786f', '2014-09-09 09:50:57'),
('0000-00-00', '', '', 0, '10EUR', '28928c72893813743fab3fb82478e18e', NULL, 'd1836b04a882debaa19567aa4083ab89', '2014-09-09 09:51:34'),
('0000-00-00', '', '', 0, '10EUR', '28928c72893813743fab3fb82478e18e', NULL, 'd19b11389bdce0f4c29ca899749aeff7', '2014-09-09 09:51:34'),
('0000-00-00', '', '', 0, '10EUR', '28928c72893813743fab3fb82478e18e', NULL, 'd2f4a09de39a250ea94c7b577d9fbed1', '2014-09-09 09:51:34'),
('0000-00-00', '', '', 0, '10%', 'a683a4ba78f0c5b44a1c346963e52b8f', NULL, 'd3c1acba8fc9f101e0275ee5b6b36b2d', '2014-09-09 09:50:57'),
('0000-00-00', '', '', 0, '10%', 'a683a4ba78f0c5b44a1c346963e52b8f', NULL, 'd4ccf25e159d0f936212c2c3797ced53', '2014-09-09 09:50:58'),
('0000-00-00', '', '', 0, '10EUR', '28928c72893813743fab3fb82478e18e', NULL, 'd623fd054a566dbe33cee40d4a495e50', '2014-09-09 09:51:34'),
('0000-00-00', '', '', 0, '10EUR', '28928c72893813743fab3fb82478e18e', NULL, 'd795fdb1d08e8433509f4b13e75b9709', '2014-09-09 09:51:34'),
('0000-00-00', '', '', 0, '10%', 'a683a4ba78f0c5b44a1c346963e52b8f', NULL, 'd7d65b586c5785d0193a17c6e3088f1c', '2014-09-09 09:50:57'),
('0000-00-00', '', '', 0, '10EUR', '28928c72893813743fab3fb82478e18e', NULL, 'd8986a7663ca0655737399f80fb06ff1', '2014-09-09 09:51:34'),
('0000-00-00', '', '', 0, '10%', 'a683a4ba78f0c5b44a1c346963e52b8f', NULL, 'd8bdba1fa958c0a8ffbabb0e49531b00', '2014-09-09 09:50:58'),
('0000-00-00', '', '', 0, '10%', 'a683a4ba78f0c5b44a1c346963e52b8f', NULL, 'd9028867aad57e11d1a900442eb394c3', '2014-09-09 09:50:57'),
('0000-00-00', '', '', 0, '10EUR', '28928c72893813743fab3fb82478e18e', NULL, 'd908b410946d4d71a1b3090a6bc9b79b', '2014-09-09 09:51:34'),
('0000-00-00', '', '', 0, '10EUR', '28928c72893813743fab3fb82478e18e', NULL, 'd9e9015d7a2044024fc6046efdc4dc3c', '2014-09-09 09:51:34'),
('0000-00-00', '', '', 0, '10%', 'a683a4ba78f0c5b44a1c346963e52b8f', NULL, 'db6609a8f7a72609a09770d0bf161592', '2014-09-09 09:50:58'),
('0000-00-00', '', '', 0, '10%', 'a683a4ba78f0c5b44a1c346963e52b8f', NULL, 'dba9138d4c27ed60907487d624aa93f2', '2014-09-09 09:50:57'),
('0000-00-00', '', '', 0, '10%', 'a683a4ba78f0c5b44a1c346963e52b8f', NULL, 'de3e8e30035405a977eb76a91c4c0b4e', '2014-09-09 09:50:57'),
('0000-00-00', '', '', 0, '10%', 'a683a4ba78f0c5b44a1c346963e52b8f', NULL, 'df9f3a68b4e7ef86f98bd179ad649f1a', '2014-09-09 09:50:58'),
('0000-00-00', '', '', 0, '10%', 'a683a4ba78f0c5b44a1c346963e52b8f', NULL, 'e00e907a8cafa38f789e220b648ed824', '2014-09-09 09:50:57'),
('0000-00-00', '', '', 0, '10%', 'a683a4ba78f0c5b44a1c346963e52b8f', NULL, 'e31dfa2aeafb718bfdde3328123d2583', '2014-09-09 09:50:57'),
('0000-00-00', '', '', 0, '10EUR', '28928c72893813743fab3fb82478e18e', NULL, 'e42bf3350a691a2f09bf693c68313d70', '2014-09-09 09:51:34'),
('0000-00-00', '', '', 0, '10EUR', '28928c72893813743fab3fb82478e18e', NULL, 'e4fa5eabb5459d7017a87b9e60943679', '2014-09-09 09:51:34'),
('0000-00-00', '', '', 0, '10%', 'a683a4ba78f0c5b44a1c346963e52b8f', NULL, 'e540d702bf9ea123438fb84bf3c9c153', '2014-09-09 09:50:57'),
('0000-00-00', '', '', 0, '10%', 'a683a4ba78f0c5b44a1c346963e52b8f', NULL, 'e7ae9331d2527eb246fa0f7d3dd6b3fa', '2014-09-09 09:50:57'),
('0000-00-00', '', '', 0, '10%', 'a683a4ba78f0c5b44a1c346963e52b8f', NULL, 'e7e9991950b00ec7647db45d1921553a', '2014-09-09 09:50:57'),
('0000-00-00', '', '', 0, '10%', 'a683a4ba78f0c5b44a1c346963e52b8f', NULL, 'e9c95f24398281795b9810ba31a73b6d', '2014-09-09 09:50:57'),
('0000-00-00', '', '', 0, '10EUR', '28928c72893813743fab3fb82478e18e', NULL, 'ea130fb2a1481499a9a8d9014a77aa08', '2014-09-09 09:51:34'),
('0000-00-00', '', '', 0, '10%', 'a683a4ba78f0c5b44a1c346963e52b8f', NULL, 'ea2758d318ff669b2037bf01514badb0', '2014-09-09 09:50:57'),
('0000-00-00', '', '', 0, '10%', 'a683a4ba78f0c5b44a1c346963e52b8f', NULL, 'ec77a562ede4a101acead2c0dd568421', '2014-09-09 09:50:57'),
('0000-00-00', '', '', 0, '10%', 'a683a4ba78f0c5b44a1c346963e52b8f', NULL, 'ee16db2a7150b18be8e98bd429a4b09e', '2014-09-09 09:50:57'),
('0000-00-00', '', '', 0, '10%', 'a683a4ba78f0c5b44a1c346963e52b8f', NULL, 'eea2533499a3555826abb6bc24d94afa', '2014-09-09 09:50:58'),
('0000-00-00', '', '', 0, '10%', 'a683a4ba78f0c5b44a1c346963e52b8f', NULL, 'effa7b094f32669b77100c5180325ead', '2014-09-09 09:50:57'),
('0000-00-00', '', '', 0, '10%', 'a683a4ba78f0c5b44a1c346963e52b8f', NULL, 'f08d5dfba75f6463899b090f3049b9a4', '2014-09-09 09:50:57'),
('0000-00-00', '', '', 0, '10%', 'a683a4ba78f0c5b44a1c346963e52b8f', NULL, 'f2a6326c95c0e7934c33d330da91b2ce', '2014-09-09 09:50:57'),
  ('0000-00-00', '', '', 0, '10EUR', '28928c72893813743fab3fb82478e18e', NULL, 'f64b384e1aee82794a1c41d74af03df1',
   '2014-09-09 09:51:34'),
  ('0000-00-00', '', '', 0, '10%', 'a683a4ba78f0c5b44a1c346963e52b8f', NULL, 'f87e74add42bc4e420bf51b0296dbde8',
   '2014-09-09 09:50:57'),
  ('0000-00-00', '', '', 0, '10EUR', '28928c72893813743fab3fb82478e18e', NULL, 'f88d2a993b5d545b451e8678fb1ef992',
   '2014-09-09 09:51:34'),
  ('0000-00-00', '', '', 0, '10%', 'a683a4ba78f0c5b44a1c346963e52b8f', NULL, 'fa42ee5d31d533bc444efedfa4746428',
   '2014-09-09 09:50:57'),
  ('0000-00-00', '', '', 0, '10%', 'a683a4ba78f0c5b44a1c346963e52b8f', NULL, 'fa44e1060d2d0f66f0a7049f7eb86cba',
   '2014-09-09 09:50:57'),
  ('0000-00-00', '', '', 0, '10EUR', '28928c72893813743fab3fb82478e18e', NULL, 'fb93c09be1a02435a1e569dd222f039a',
   '2014-09-09 09:51:34'),
  ('0000-00-00', '', '', 0, '10%', 'a683a4ba78f0c5b44a1c346963e52b8f', NULL, 'fbf9e804a55e27becb8eab60dbb7fc3d',
   '2014-09-09 09:50:57'),
  ('0000-00-00', '', '', 0, '10%', 'a683a4ba78f0c5b44a1c346963e52b8f', NULL, 'fe9cd0a8cc3f1f4a995534b3177c024d',
   '2014-09-09 09:50:57'),
  ('0000-00-00', '', '', 0, '10%', 'a683a4ba78f0c5b44a1c346963e52b8f', NULL, 'ff96fdc636fb6852628a90e100eb0ce7',
   '2014-09-09 09:50:57');

--
-- Dumping data for table `oxvoucherseries`
--

INSERT IGNORE INTO `oxvoucherseries` (`OXID`, `OXSHOPID`, `OXSERIENR`, `OXSERIEDESCRIPTION`, `OXDISCOUNT`, `OXDISCOUNTTYPE`, `OXBEGINDATE`, `OXENDDATE`, `OXALLOWSAMESERIES`, `OXALLOWOTHERSERIES`, `OXALLOWUSEANOTHER`, `OXMINIMUMVALUE`, `OXCALCULATEONCE`, `OXTIMESTAMP`)
VALUES
  ('28928c72893813743fab3fb82478e18e', @SHOP_ID, '10EUR', '10EUR', 10.00, 'absolute', '0000-00-00 00:00:00',
   '0000-00-00 00:00:00', 1, 1, 1, 10.00, 1, '2014-09-09 09:51:25'),
  ('a683a4ba78f0c5b44a1c346963e52b8f', @SHOP_ID, '10%', '10%', 10.00, 'percent', '0000-00-00 00:00:00',
   '0000-00-00 00:00:00', 1, 1, 1, 0.00, 1, '2014-09-09 09:50:42');


-- ------ --
-- CONFIG --
-- ------ --

-- Removes all modules stuff from configuration table --
# DELETE FROM `oxconfig`
# WHERE `OXVARNAME` IN (
#   "aModulePaths",
#   "aModules",
#   "aDisabledModules",
#   "aLegacyModules",
#   "aModuleTemplates",
#   "aModuleFiles",
#   "aModuleVersions",
#   "aModuleEvents",
#   "aModulePaths",
#   "paymorrowLoggingEnabled"
# );

--
-- Dumping data for table `oxconfig`
--

# INSERT INTO `oxconfig` (`OXID`, `OXSHOPID`, `OXMODULE`, `OXVARNAME`, `OXVARTYPE`, `OXVARVALUE`, `OXTIMESTAMP`) VALUES
#   ('746a25ae33a8acc8b7598a1004b2883d', @SHOP_ID, '', 'aModuleEvents', 'aarr',
#    0x4dba322c774f5434e31d9335d186a64bccab96eda5591105bfb426c5aa7db2e9993f502a2b50962ad2166f6d7739d3c13880a1f6303461e4357a88135367047e5096fd0bb720eacde06c08d092f4dbd7cbabbc38da827b48564c59f0c657c3a007da62abffcb7605a786842b374eb79815e3dacda107bf2d0ba6d93fddc7d1a05a2e8925ab54fdee8bd7463096fe829f797239022d2f19,
#    '2014-09-12 08:48:46'),
#   ('26de28e1c7f696f3042f3c900d80628e', @SHOP_ID, '', 'aModuleFiles', 'aarr', 0x4dba322c774f5434e31d9335d186a64bccab96eda5591105bfb426c5aa3bb67400c03bcc43b02152aedee822a9af15902aa03d32929d1e93c1a10952892b271d5edb82c816ed953d5cd0de14721e96790e6048ea10650b9f7b4ae09b7e2b04c26522e1dff568d99bb233398524dd13cac300ee34dd44b9e8c61565059857f185d1fca10b21961d31e5216e9143c483cc5bcd94a9fa6bd7c6f4be9954888048cc001afa2e847163f8d3c17a55a90b97cf793ec0a9c6fd9e1842ae7e13544483bb6b3db7f834b7e5ec05e066aaf5beee1ed2a15e30ac2121b51b0e6ec9cafd283ed39a21d6664bda6d48462daba2ec3a42f040b882af6a36f0639ec79c3fea3baf7e3278bf085a5e935a76f23e756a85a51d0d210dbb7385934619e3131f4f58c6219d455cb85ebbc544dd871076277f6be309ed68d424fb367c74a46333da0032ed165ba9080e43b0ea626d20e92e2a2ffe08af3688b55afdd6482a9ba8c18accdad0a6c94e356ecd8229614fdb7b7f967e41a00dd35800a291593c362b00ba657aae8a6ab17f27058de57e31f8fa0afd76fa13c0327c88730f6e8b68c3b66f76b5e0dc6b49f1e24f0923f2900f8531fb7c86cc9363d4c967ad9f7d42f383de66d68a4dbcbcf300793cc6f58792f5c00f232e998aabe16383aa81d3ef48f658be9c9de3ea06f7de891752ba287c1376db03af3bedfdb7a3b4bf6fd8c90ffc4c78309ee709149c1499ee66ac8767924ecaeb5bc3b68eb6ee6ffec52fa2c4dc72c068e1a33b069ae1151cad2fc518435acb9bba825b2e2535a5df0b53a3a58b3856f7677906fa82b8a18744c958fc15561289a8ed0a867e71680b208c86b8a9d3eb1d91a71993b737a588915350bb918b0bf8fb16f24129b5d06118aaf563f61414f52679fc0d658adf3343008054609ac3838baf340ef0d1abc2ed2f624887799f863803708d7b42e0b4c0b262b91192c574bfabdb9c6919a123011ecb7d98f4eb68b5d50edceb8087e282db420a7373fd250414ac68be7212358ae67cda25db6269e4ff2e0f754601e64037dbcc421ecf3b95b791153687211bc669cb470c63bc93ef9b6071484d848caf3d0e877230350d989126b410863447e6e306b55cb5f90ac284b23711cd28525feb78d7d849ca34386e9b5e40788e9518bc2c4c1831e8bd86086b604688d0f02af6f114e0997469d4cb9b35ddf403046d92ba00bc2e6a15faac39c75f748f96f31510f00878e6c187cd95aed2dd51ac8d6de7c76c38ad1855af689045afacb235c6b003548ac66b05bef1ae0bfb13249e065570d38e13dbba288aa464c9fc34627a8999785d5865c857c0d27cdb73cfecff882561c993ec6219f1047edb9beb79ca62dbb8db9a872fd3cfef07711b5c210e22be88be64643ef3bafd3868e328c212b60d2e4e6043de486ade674a5964bae4ceaf5b1037ebdf1ca81b948bfbabb937d0ccc9e4543cd0529cf0469ddb1a21d76e42f428bcb6966a1f1023e9ae04e281c178d50e51d07d40042994b209d8e7df0b08f55982287c8d9bad057f7f606c1c99519af22b9d38c133fccc6c02d6dc3ac2fa0959618e3817c6ddaccfaf2109c7375d09d1fe402ca2f6d19ac0c0abe345a5de0fba5b852980100dcc0b585a4d191873a976776ff5f465732eb6783c2bf8ddda4b50d954bf67f53398adf1d3c5063909762dc8d2ba0bfd8f9171ed8b8d20f8ac4b899d6af08f34d5a5af023d1c66992de659eb117c5ecfb30a5e9f5e82f9682a5c4a210de4560da0bdade3c430ab3e886b3bf8086b3f9cc4221cb17e516801bfb383435d47d4e6d011560628b44f228cb97bd07c4c84e06afa4111ea61a7e2bffbf9c50b62271a51177c4857bd82f7ddca3aefd06f9076ff16facb7cd02b6554ee7b1ff599df0632c4d2655463a43bee715349481b569793f918953d653a1ed1c8237c53d4d379c1966abf6b35676c78fb0b72bf919af413a45fe4733871679e5cb486c2941619fbc633eae2ee0cadb4c61990a423c24d0f9c855117cd40609f6b05bd77eedef041876a78cf6add037887245a32b468d1cfbf80af57dc34768d252cf73118ed7603ba7d5a2ba3c5fb950982d1f65c859186b3d0f2a5b170af8693db65bff06577fce9f07651d77611c98abfdd44767656a1a1dabd4c57428f58b733e7c86b21245841a23a7f25da2497a2f5709f66d4893da5de6e3a40c7da4e282992b074ef2b8628e19a9b177a75f25b417d37e370637f65a8d0e7ad00925fac3864bd0e6f8028a896d63fc3675a0062226f1c885e0fc171c168a2079a95eb71a1c1d6b4aa98a1d9b3c2d933f854675a7e3067f1d4639670ecddee69292eb82f0358e7b1d6b516bd4aff5dcdb768278e7bcc02f61e3f7f9fc51bf530258b2db37c7c2708c5c08f5f88025b95f25a2d16950560355e7190dca66f38e3fd6e79ca79e2b30987e384b28abba409f8c1f77505bf592098eeb5a0bf6ac3858cc7c12502fc416310f419697bf42dd62cdbed268c9a686f13293185666344c18cbca59383e344cd9a704ca91a250876bbc2186bc494c223be6d00af166c165ba679fd65bdd9360743e74ffe96594d4b3e8145a492443a6c40448496e6c916c40a59598303694433917ba7cc42cb09e7b3ca0f678185140160a7ce0b0c67ee596f5028a118d5b8a2be1c38402ddfdfba65e941aab60f9fd8ae1371cafe1df7383edfa8c4dcefcb9d952e5e92f50a1f08ce995be26d65069f2f081f11d1497dc7ceba1bee9053373f916dcf5fb2398e764fda45584819a3360ad61f2f7be88cf757e97504c3cd07f009789550ba447307d6fff09ab9b01b62f0f04b36015d4bb959fc2d26d2493bedb6e31c415197baa12839f92779c27b67e6c304981ceb09390f8306f08b5cd3fa60cf6462cbc9ceffd1774383327539d276fd9ebd5328753758681f69e0af47555193c0725c, '2014-09-12 08:48:46'),
#   ('a725b1a8109cb77713d96c873217b46a', @SHOP_ID, '', 'aModulePaths', 'aarr', 0x4dba832f744c5737e01e9036d285a548cfa895eea65a1206bcb740d40a64a209054beea272545fcce5d770856c8aa0aef37532f7ab3608856571275deed78d4e50d58cc608e49c34552e6ff47911ad0b0ddb819f11f91c48, '2014-09-11 13:56:15'),
#   ('e77cd5db0404a138037c3d480ff7269c', @SHOP_ID, '', 'aModules', 'aarr', 0x4dba320271d0cfc90f1a943249354a81198ad56facb0c79b0c135344d9f04475595865738a31cd0dbc640bde375de1fb3efcf84f28c8ea290aa28f19c2417275eee025b3bd85bfddc0d448f5da7171acfbc8288ae6116e5d6e6fe816719df69bbb5ed6a80ae0aa2a208138c9c060b10a6faadb7edfdf9a0ccdbf8190c58fe490e5f797bf592b4f21f3d046f487d80d15d3389ead8e403ce76c3b3b7926ac7634ba3c9f592cda8a059908e0ba152d9186a8b562960e669dcb31c22f70af01827710e3a4ca181951b8fa956b5d2b060de7965b43d131ecb03f596171e4daed382ec38a3134f216f3f4e5cc6d0db473f1de7edc36debbece9c584349a110104eeb55f93349c9af968daeddcef03de43089a7ff345490dd07c96f87feb318633819d4564acd7e14466143f02bb7e20da3a23074fcdc04e232c29b60e7336b98beebd2b444b26acf59e3826592446cc3981f78098478f1954a2bb7690b5316f518f64a1c62d2be8bce7a7bc52d082a4f8a0982d7a7c0e348fe828fbe3a1b3c883af36c80675e5b1cfb67406eb44e3a89f48b145b6a16f2a44265f52e411bd3c2473bf61b15fcf53be417d2911832bc856782ad9b913992ba84d0911dc3e7a69254a6579da77c0937f5d692cd6e532e00f085aa66301a29b4e5da83fdcdc51b752eefc0cf9e52db6144b54151f141b11ac7962c8beb0e85716edb2ce70851a69dd80a6fc80b1cd2c895b100b92d5bb8e1e49c52565f5df6809ee68f36e25a8ced678ca62eba9840adb577cef1383390e719af4f39add739019a167e07040150e891dedd4c20415649685b132e5dfcd739856ba9c22375f4a8a58df437da53a1cb02c3c072af1476acd850399037da0b133948b28a4d0b16aefa32a2c90c8459e4af038b13e6e65fcf46fa0ac2c7f4135995fc627e166b338529394843c71d2e84e021e75f0b9750a774625cc16d08f0d1a9ec371dc4002d8fd45281a9d800214319e7669b09c53da, '2014-09-12 08:48:46'),
#   ('e973b7ddc1fccffa655e8c4b8a7fe08d', @SHOP_ID, '', 'aModuleTemplates', 'aarr', 0x4dba322c774f5434e31d9335d186a64bccab96eda5591105bfb426c56b78b7ec9c8d3f2f2e454eddf4c661947d9be934b159248cf21b3b2e14c160b83e70801a0e842a5ccbccf69489fd40d16657b7bf179d85188015ab13eafc33a077235714f9df254e4b92cfdcb8c6642023bcfa118596b0bfe6caf7092f821272c95ea23887491acade0d142df6c5b6a12aef62519f191c558c951b9775f70578ac4b09771e94bcbbce4d579fb69b907106502a23c5f552949442583e93c848581febe44b53c275969677a6f772ed006486220ba4ba81ecdbadf2a7160f1a7a703fdde79bc32a776dab4faae0ba93324293b3ee25b528a0a8050a307edf020695c4f16b3f39f8ee0916cbbc5cf36eb8f1ae066a531e922428d1812d125af258c594defc4b0ce86b949535089c434154748ff722b1f9767c43eddd1aed926179c3b1d6a9e7347e975c321c8b45bc1c20b5882de82b0b9c73d12f52ec585c9091279f1156368eec55d601e23ac52dfae290f93d3f2e06a6f0ef88297b92b4fa01f6d3c4f625700678e1d04083eed12496545411ab0ef0db527f5a5791d60af546c1c82272911e877e26fbc83c9d01e1c4695225395b71aca3698a00d5c47bd6ca590977a4a6f44f7c6b312fab8b61f42a21d444c6590805557b7a2a797809d4cfe6fb4cf8afe503a2eaf1b7cee4c8951b4ec60a98c7c7f97819f6972ccf31047c2a5916e0a8b0422b0757277fbc959106a040609a29418daf5eee3639b055c9f62c5b28c6923ffc1d46d5441268617b492a62e2c5cebed070f3af3967a95fd603f36ad2db3896002bb8b01f763957dce55369191928acabae9769aeeb2305940186bd74f56f9c92732c26d83dec7e90ec23ed4c1d921f43cd1790050c940b6d4994136cde16b2cb43260228563cb222a9719accd6ea0d2c2adf4ed93e62d1999bd4f38c68b226b2549ebe265d717bfe9a9fde96c0d5f50177e770aa321a2ff8644915437720966b80aaf3143b35c9e1a9cf02264e2720e5c542e4d2d6eef62ba75057b5db696af3b4cb44c7de3eb9e141ee08ec, '2014-09-12 08:48:46'),
#   ('c9402aea00909f08aee8358d6104e2b6', @SHOP_ID, '', 'aModuleVersions', 'aarr', 0x4dba322c774f5434e31d9335d186a64bccab96eda5591105bfb443d75368ce8ab8fc4a0124b9a9, '2014-09-12 08:48:46'),
#   ('40fb45da35d2fe70090d8fd0f014f2df', @SHOP_ID, 'module:oxpspaymorrow', 'paymorrowLoggingEnabled', 'bool', 0x07, NOW());


-- -------- --
-- PAYMENTS --
-- -------- --

-- Remove current payment methods --
DELETE FROM `oxpayments`
WHERE `OXID` IN ("oxiddebitnote", "oxidinvoice");

--
-- Dumping data for table `oxpayments`
--

INSERT INTO `oxpayments` (`OXID`, `OXACTIVE`, `OXDESC`, `OXADDSUM`, `OXADDSUMTYPE`, `OXADDSUMRULES`, `OXFROMBONI`, `OXFROMAMOUNT`, `OXTOAMOUNT`, `OXVALDESC`, `OXCHECKED`, `OXDESC_1`, `OXVALDESC_1`, `OXDESC_2`, `OXVALDESC_2`, `OXDESC_3`, `OXVALDESC_3`, `OXLONGDESC`, `OXLONGDESC_1`, `OXLONGDESC_2`, `OXLONGDESC_3`, `OXSORT`, `OXTIMESTAMP`, `OXPSPAYMORROWACTIVE`, `OXPSPAYMORROWMAP`)
VALUES
  ('oxiddebitnote', 1, 'Bankeinzug/Lastschrift', 1.22, 'abs', 0, 0, 0, 1000000,
   'lsbankname__@@lsblz__@@lsktonr__@@lsktoinhaber__@@', 0, 'Direct Debit',
   'lsbankname__@@lsblz__@@lsktonr__@@lsktoinhaber__@@', '', '', '', '',
   'Die Belastung Ihres Kontos erfolgt mit dem Versand der Ware.',
   'Your bank account will be charged when the order is shipped.', '', '', 22, '2014-09-12 08:51:25', 1, 2),
  ('oxidinvoice', 1, 'Rechnung', 0, 'abs', 0, 800, 0, 1000000, '', 1, 'Invoice', '', '', '', '', '', '', '', '', '', 11,
   '2014-09-12 08:50:54', 1, 1);

--
-- Adding user to user groups
--

INSERT IGNORE INTO `oxobject2group` (`OXID`, `OXSHOPID`, `OXOBJECTID`, `OXGROUPSID`) VALUES
('0397c2bd51210680340aac0f353eddc9', @SHOP_ID, 'admin@example.com', 'oxidadmin'),
('c397c2bd51210680340aac0f353eddc9', @SHOP_ID, '0affed7c43ee0b1743c12f9ea772caa9', 'oxidnewcustomer'),
('_c397c2bd51210680340aac0f353eddc', @SHOP_ID, 'd5eb34c373bc2f4bff034a9e834fe16d', 'oxidnewcustomer'),
('__c397c2bd51210680340aac0f353edd', @SHOP_ID, '1890bca2d23c74555c851454b3a8d936', 'oxidnewcustomer');

--
-- Force Azure theme
--
UPDATE `oxconfig` SET `OXVARVALUE` = 0x4db70f6d1a WHERE `OXVARNAME` = 'sTheme';
